monitoring_location_id,agency_code,agency_name,monitoring_location_number,monitoring_location_name,district_code,country_code,country_name,state_code,state_name,county_code,county_name,minor_civil_division_code,site_type_code,site_type,hydrologic_unit_code,basin_code,altitude,altitude_accuracy,altitude_method_code,altitude_method_name,vertical_datum,vertical_datum_name,horizontal_positional_accuracy_code,horizontal_positional_accuracy,horizontal_position_method_code,horizontal_position_method_name,original_horizontal_datum,original_horizontal_datum_name,drainage_area,contributing_drainage_area,time_zone_abbreviation,uses_daylight_savings,construction_date,aquifer_code,national_aquifer_code,aquifer_type_code,well_constructed_depth,hole_constructed_depth,depth_source_code,revision_note,revision_created,revision_modified
USGS-11467000,USGS,U.S. Geological Survey,11467000,RUSSIAN R A HACIENDA BRIDGE NR GUERNEVILLE CA,06,US,United States of America,06,California,097,Sonoma County,,ST,Stream,180101100903,,22.33,0.16,X,GNSS2 - Level 2 Quality Survey Grade Global Navigation Satellite System,NAVD88,North American Vertical Datum of 1988,F,Accurate to + or - 5 sec.,M,Interpolated from map,NAD27,North American Datum of 1927,1338.0,,PST,Y,,,,,,,,WSP 1395: Drainage area at former site. WSP 1929: Drainage area. Turbidity data revised 06/04/2025 to 06/06/2025.,2017-11-13T06:00:00+00:00,2026-02-05T20:36:31.210000+00:00
USGS-11467002,USGS,U.S. Geological Survey,11467002,RUSSIAN R A JOHNSONS BEACH A GUERNEVILLE CA,06,US,United States of America,06,California,097,Sonoma County,,ST,Stream,180101100903,,8.79,0.1,L,Level or other surveyed method.,NGVD29,National Geodetic Vertical Datum of 1929,F,Accurate to + or - 5 sec.,M,Interpolated from map,NAD27,North American Datum of 1927,1353.0,,PST,Y,,,,,,,,,,
USGS-11467006,USGS,U.S. Geological Survey,11467006,RUSSIAN R A VACATION BEACH CA,06,US,United States of America,06,California,097,Sonoma County,,ST,Stream,180101100903,,2.0,20.0,M,Interpolated from topographic map.,NGVD29,National Geodetic Vertical Datum of 1929,F,Accurate to + or - 5 sec.,M,Interpolated from map,NAD27,North American Datum of 1927,1371.0,,PST,Y,,,,,,,,,,
USGS-11467050,USGS,U.S. Geological Survey,11467050,BIG AUSTIN C A CAZADERO CA,06,US,United States of America,06,California,097,Sonoma County,,ST,Stream,180101100802,,,,,,,,F,Accurate to + or - 5 sec.,M,Interpolated from map,NAD27,North American Datum of 1927,26.6,,PST,Y,,,,,,,,,,
USGS-11467200,USGS,U.S. Geological Survey,11467200,AUSTIN C NR CAZADERO CA,06,US,United States of America,06,California,097,Sonoma County,,ST,Stream,180101100802,,43.52,0.16,X,GNSS2 - Level 2 Quality Survey Grade Global Navigation Satellite System,NAVD88,North American Vertical Datum of 1988,S,Accurate to + or - 1 sec.,M,Interpolated from map,NAD27,North American Datum of 1927,62.8,,PST,Y,,,,,,,,,,
USGS-11467210,USGS,U.S. Geological Survey,11467210,RUSSIAN R A DUNCANS MILLS CA,06,US,United States of America,06,California,097,Sonoma County,,ST,Stream,180101100904,,,,,,,,F,Accurate to + or - 5 sec.,M,Interpolated from map,NAD27,North American Datum of 1927,1461.0,,PST,Y,,,,,,,,,,
USGS-382701123025801,USGS,U.S. Geological Survey,382701123025801,FREEZEOUT C NR DUNCANS MILLS CA,06,US,United States of America,06,California,097,Sonoma County,,ST,Stream,180101100904,,12.0,20.0,M,Interpolated from topographic map.,NGVD29,National Geodetic Vertical Datum of 1929,U,Unknown or unspecified.,G,"Global positioning system (GPS), Standard Positioning Service (SPS) or Precise Positioning Service (PPS)",NAD83,North American Datum of 1983,,,PST,Y,,,,,,,,,,
USGS-382713123030401,USGS,U.S. Geological Survey,382713123030401,007N011W14NU01M,06,US,United States of America,06,California,097,Sonoma County,92682,GW,Well,180101100904,,8.0,4.3,N,Interpolated from Digital Elevation Model,NAVD88,North American Vertical Datum of 1988,5,Accurate to + or - .5 sec (PLGR/PPS GPS).,G,"Global positioning system (GPS), Standard Positioning Service (SPS) or Precise Positioning Service (PPS)",NAD83,North American Datum of 1983,,,PST,Y,,,,,81.7,,S,,,
USGS-382713123030403,USGS,U.S. Geological Survey,382713123030403,007N011W14NU03M,06,US,United States of America,06,California,097,Sonoma County,92682,GW,Well,180101100904,,8.0,4.3,N,Interpolated from Digital Elevation Model,NAVD88,North American Vertical Datum of 1988,5,Accurate to + or - .5 sec (PLGR/PPS GPS).,G,"Global positioning system (GPS), Standard Positioning Service (SPS) or Precise Positioning Service (PPS)",NAD83,North American Datum of 1983,,,PST,Y,,,,,32.56,,S,,,
USGS-382752123003401,USGS,U.S. Geological Survey,382752123003401,DUTCH BILL C A MONTE RIO CA,06,US,United States of America,06,California,097,Sonoma County,,ST,Stream,180101100903,,45.0,20.0,M,Interpolated from topographic map.,NGVD29,National Geodetic Vertical Datum of 1929,U,Unknown or unspecified.,G,"Global positioning system (GPS), Standard Positioning Service (SPS) or Precise Positioning Service (PPS)",NAD83,North American Datum of 1983,,,PST,Y,,,,,,,,,,
USGS-382754123030501,USGS,U.S. Geological Survey,382754123030501,RUSSIAN R A CASINI RANCH NR DUNCANS MILLS CA,06,US,United States of America,06,California,097,Sonoma County,,ST,Stream,180101100904,,5.0,20.0,M,Interpolated from topographic map.,NGVD29,National Geodetic Vertical Datum of 1929,F,Accurate to + or - 5 sec.,G,"Global positioning system (GPS), Standard Positioning Service (SPS) or Precise Positioning Service (PPS)",NAD83,North American Datum of 1983,,,PST,Y,,,,,,,,,,
USGS-382757123003801,USGS,U.S. Geological Survey,382757123003801,RUSSIAN R A MONTE RIO CA,06,US,United States of America,06,California,097,Sonoma County,,ST,Stream,180101100903,,5.0,20.0,M,Interpolated from topographic map.,NGVD29,National Geodetic Vertical Datum of 1929,F,Accurate to + or - 5 sec.,G,"Global positioning system (GPS), Standard Positioning Service (SPS) or Precise Positioning Service (PPS)",NAD83,North American Datum of 1983,,,PST,Y,,,,,,,,,,
USGS-382808122565401,USGS,U.S. Geological Survey,382808122565401,007N010W10H001M,06,US,United States of America,06,California,097,Sonoma County,92682,GW,Well,180101100903,,211.0,1.6,N,Interpolated from Digital Elevation Model,NAVD88,North American Vertical Datum of 1988,5,Accurate to + or - .5 sec (PLGR/PPS GPS).,G,"Global positioning system (GPS), Standard Positioning Service (SPS) or Precise Positioning Service (PPS)",NAD83,North American Datum of 1983,,,PST,Y,1984-06-08,,,,22.0,22.0,D,,,
USGS-382815123024601,USGS,U.S. Geological Survey,382815123024601,AUSTIN C NR DUNCANS MILLS CA,06,US,United States of America,06,California,097,Sonoma County,,ST,Stream,180101100802,,23.0,20.0,M,Interpolated from topographic map.,NGVD29,National Geodetic Vertical Datum of 1929,U,Unknown or unspecified.,G,"Global positioning system (GPS), Standard Positioning Service (SPS) or Precise Positioning Service (PPS)",NAD83,North American Datum of 1983,,,PST,Y,,,,,,,,,,
USGS-382819123010001,USGS,U.S. Geological Survey,382819123010001,007N010W07D001M,06,US,United States of America,06,California,097,Sonoma County,92682,GW,Well,180101100903,,42.0,1.6,N,Interpolated from Digital Elevation Model,NAVD88,North American Vertical Datum of 1988,5,Accurate to + or - .5 sec (PLGR/PPS GPS).,G,"Global positioning system (GPS), Standard Positioning Service (SPS) or Precise Positioning Service (PPS)",NAD83,North American Datum of 1983,,,PST,Y,1994-11-03,,N100CACSTL,,99.0,110.0,D,,,
USGS-382944123002901,USGS,U.S. Geological Survey,382944123002901,HULBERT C NR GUERNEVILLE CA,06,US,United States of America,06,California,097,Sonoma County,,ST,Stream,180101100903,,30.0,20.0,M,Interpolated from topographic map.,NGVD29,National Geodetic Vertical Datum of 1929,U,Unknown or unspecified.,G,"Global positioning system (GPS), Standard Positioning Service (SPS) or Precise Positioning Service (PPS)",NAD83,North American Datum of 1983,,,PST,Y,,,,,,,,,,
USGS-382955122594101,USGS,U.S. Geological Survey,382955122594101,POCKET CYN C A GUERNEVILLE CA,06,US,United States of America,06,California,097,Sonoma County,,ST,Stream,180101100903,,44.0,20.0,M,Interpolated from topographic map.,NGVD29,National Geodetic Vertical Datum of 1929,U,Unknown or unspecified.,G,"Global positioning system (GPS), Standard Positioning Service (SPS) or Precise Positioning Service (PPS)",NAD83,North American Datum of 1983,,,PST,Y,,,,,,,,,,
USGS-383001122540701,USGS,U.S. Geological Survey,383001122540701,008N009W31C002M,06,US,United States of America,06,California,097,Sonoma County,92682,GW,Well,180101100902,,58.0,1.6,N,Interpolated from Digital Elevation Model,NAVD88,North American Vertical Datum of 1988,5,Accurate to + or - .5 sec (PLGR/PPS GPS).,G,"Global positioning system (GPS), Standard Positioning Service (SPS) or Precise Positioning Service (PPS)",NAD83,North American Datum of 1983,,,PST,Y,1986-09-30,,N100CACSTL,,80.0,80.0,D,,,
USGS-383003122540401,USGS,U.S. Geological Survey,383003122540401,008N009W31C003M,06,US,United States of America,06,California,097,Sonoma County,92682,GW,Well,180101100902,,48.0,1.6,N,Interpolated from Digital Elevation Model,NAVD88,North American Vertical Datum of 1988,1,Accurate to + or - .1 sec (Differentially-Corrected GPS).,G,"Global positioning system (GPS), Standard Positioning Service (SPS) or Precise Positioning Service (PPS)",NAD83,North American Datum of 1983,,,PST,Y,,,N100CACSTL,,,,,,,
USGS-383003122540402,USGS,U.S. Geological Survey,383003122540402,008N009W31C004M,06,US,United States of America,06,California,097,Sonoma County,92682,GW,Well,180101100902,,48.0,1.6,N,Interpolated from Digital Elevation Model,NAVD88,North American Vertical Datum of 1988,1,Accurate to + or - .1 sec (Differentially-Corrected GPS).,G,"Global positioning system (GPS), Standard Positioning Service (SPS) or Precise Positioning Service (PPS)",NAD83,North American Datum of 1983,,,PST,Y,,,N100CACSTL,,,,,,,
USGS-383003122540403,USGS,U.S. Geological Survey,383003122540403,008N009W31C005M,06,US,United States of America,06,California,097,Sonoma County,92682,GW,Well,180101100902,,48.0,1.6,N,Interpolated from Digital Elevation Model,NAVD88,North American Vertical Datum of 1988,1,Accurate to + or - .1 sec (Differentially-Corrected GPS).,G,"Global positioning system (GPS), Standard Positioning Service (SPS) or Precise Positioning Service (PPS)",NAD83,North American Datum of 1983,,,PST,Y,,,N100CACSTL,,25.0,,S,,,
USGS-383006123000601,USGS,U.S. Geological Survey,383006123000601,FIFE C A GUERNEVILLE CA,06,US,United States of America,06,California,097,Sonoma County,,ST,Stream,180101100903,,46.0,20.0,M,Interpolated from topographic map.,NGVD29,National Geodetic Vertical Datum of 1929,U,Unknown or unspecified.,G,"Global positioning system (GPS), Standard Positioning Service (SPS) or Precise Positioning Service (PPS)",NAD83,North American Datum of 1983,,,PST,Y,,,,,,,,,,
USGS-383009122543001,USGS,U.S. Geological Survey,383009122543001,GREEN VALLEY C NR MIRABEL HEIGHTS CA,06,US,United States of America,06,California,097,Sonoma County,,ST,Stream,180101100901,,71.0,20.0,M,Interpolated from topographic map.,NGVD29,National Geodetic Vertical Datum of 1929,U,Unknown or unspecified.,G,"Global positioning system (GPS), Standard Positioning Service (SPS) or Precise Positioning Service (PPS)",NAD83,North American Datum of 1983,,,PST,Y,,,,,,,,,,
USGS-383012122574501,USGS,U.S. Geological Survey,383012122574501,RUSSIAN R A ODD FELLOWS PARK NR RIO NIDO CA,06,US,United States of America,06,California,097,Sonoma County,,ST,Stream,180101100903,,40.0,20.0,M,Interpolated from topographic map.,NGVD29,National Geodetic Vertical Datum of 1929,F,Accurate to + or - 5 sec.,G,"Global positioning system (GPS), Standard Positioning Service (SPS) or Precise Positioning Service (PPS)",NAD83,North American Datum of 1983,,,PST,Y,,,,,,,,,,
USGS-383016123041101,USGS,U.S. Geological Survey,383016123041101,008N011W27N001M,06,US,United States of America,06,California,097,Sonoma County,92682,GW,Well,180101100802,,63.0,1.6,N,Interpolated from Digital Elevation Model,NAVD88,North American Vertical Datum of 1988,5,Accurate to + or - .5 sec (PLGR/PPS GPS).,G,"Global positioning system (GPS), Standard Positioning Service (SPS) or Precise Positioning Service (PPS)",NAD83,North American Datum of 1983,,,PST,Y,1984-06-25,,,,30.0,30.0,D,,,
USGS-383017122580301,USGS,U.S. Geological Survey,383017122580301,008N010W28RU01M,06,US,United States of America,06,California,097,Sonoma County,92682,GW,Well,180101100903,,45.0,4.3,N,Interpolated from Digital Elevation Model,NAVD88,North American Vertical Datum of 1988,5,Accurate to + or - .5 sec (PLGR/PPS GPS).,G,"Global positioning system (GPS), Standard Positioning Service (SPS) or Precise Positioning Service (PPS)",NAD83,North American Datum of 1983,,,PST,Y,1983-09-26,,,,98.0,107.0,D,,,
USGS-383028122554501,USGS,U.S. Geological Survey,383028122554501,HOBSON C NR HACIENDA CA,06,US,United States of America,06,California,097,Sonoma County,,ST,Stream,180101100903,,60.0,20.0,M,Interpolated from topographic map.,NGVD29,National Geodetic Vertical Datum of 1929,U,Unknown or unspecified.,G,"Global positioning system (GPS), Standard Positioning Service (SPS) or Precise Positioning Service (PPS)",NAD83,North American Datum of 1983,,,PST,Y,,,,,,,,,,
USGS-383034122590701,USGS,U.S. Geological Survey,383034122590701,008N010W29H004M,06,US,United States of America,06,California,097,Sonoma County,92682,GW,Well,180101100903,,43.0,1.6,N,Interpolated from Digital Elevation Model,NAVD88,North American Vertical Datum of 1988,5,Accurate to + or - .5 sec (PLGR/PPS GPS).,G,"Global positioning system (GPS), Standard Positioning Service (SPS) or Precise Positioning Service (PPS)",NAD83,North American Datum of 1983,,,PST,Y,1994-12-01,,N100CACSTL,,99.0,110.0,D,,,
